insert into Generos (Nombre) values ('Masculino');
insert into Generos (Nombre) values ('Femenino');
insert into Generos (Nombre) values ('Otro');

DELETE FROM Generos WHERE Id = 2; 
alter table TIPOSDOCUMENTO modify NombreLargo varchar(30);

insert into TiposDocumento (NombreLargo, NombreCorto) values ('Cédula de ciudadanía', 'C.C.');
insert into TiposDocumento (NombreLargo, NombreCorto) values ('Cédula de extranjería', 'C.E');
insert into TiposDocumento (NombreLargo, NombreCorto) values ('Pasaporte', 'P.P');
insert into TiposDocumento (NombreLargo, NombreCorto) values ('Tarjeta de identidad', 'T.I');


insert into Sedes (Nombre, Direccion, Telefono) values ('El Gran Panzón - Bogotá', 'Cra 50 #128 - 38', '3001112222');
insert into Sedes (Nombre, Direccion, Telefono) values ('El Gran Panzón - Santa Marta', 'Calle 30 Cra 14', '3005182822');
insert into Sedes (Nombre, Direccion, Telefono) values ('El Gran Panzón - Barranquilla', 'Calle 90 Cra 54', '3009812234');


alter table Roles modify Nombre varchar(30);

insert into Roles (Nombre) values ('Super Aministrador');
insert into Roles (Nombre) values ('Administrador');
insert into Roles (Nombre) values ('Administrador de insumos');
insert into Roles (Nombre) values ('Cajero');

insert into Personas (Nombres, Apellidos, GeneroId, TipoDocumentoId, NumeroDocumento)
VALUES ('Luis Carlos', 'Pedroza Pineda', 1, 3, '1079935000');


insert into Empleados (PersonaId, FechaContratacion, FechaCreacion, Salario, RolId, Correo, Clave, Telefono, SedeId)
values (1, to_date('15/02/2020','DD/MM/YYYY'), sysdate, 2000000, 1, 'luisk@gmail.com', '12345', '3004250000', 1);

<-- Compañero inserte su usuario jajaja-->
INSERT INTO LUIS.PERSONAS
(ID, NOMBRES, APELLIDOS, GENEROID, TIPODOCUMENTOID, NUMERODOCUMENTO)
VALUES(81, 'Juan Miguel', 'Castro', 1, 1, '1002555222');

INSERT INTO LUIS.EMPLEADOS
(ID, PERSONAID, FECHACONTRATACION, FECHACREACION, SALARIO, ROLID, CORREO, CLAVE, TELEFONO, SEDEID)
VALUES(81, 81, TIMESTAMP '2020-03-10 23:18:46.000000', TIMESTAMP '2020-03-10 23:18:59.000000', 1500000, 4, 'juan@gmail.com', '12345', '3001112222', 1);


insert into CategoriasComidas (Nombre) values ('Platos');
insert into CategoriasComidas (Nombre) values ('Jugos Naturales');
insert into CategoriasComidas (Nombre) values ('Bebidas Refrescantes');

insert into Comidas (Nombre, Precio, CategoriaId) values ('Perro Caliente', 5000, 1 );
insert into Comidas (Nombre, Precio, CategoriaId) values ('Hamburguesa Especial', 20000, 1 );
insert into Comidas (Nombre, Precio, CategoriaId) values ('Lasagna', 10000, 1 );
insert into Comidas (Nombre, Precio, CategoriaId) values ('Carne Asada', 14000, 1 );
insert into Comidas (Nombre, Precio, CategoriaId) values ('Pechuga a la plancha', 15000, 1 );
insert into Comidas (Nombre, Precio, CategoriaId) values ('Arepa con chorizo', 3000, 1 );
insert into Comidas (Nombre, Precio, CategoriaId) values ('Arepa rellena', 2000, 1 );
insert into Comidas (Nombre, Precio, CategoriaId) values ('Empanada de la casa', 3000, 1 );
insert into Comidas (Nombre, Precio, CategoriaId) values ('Pizza de peperoni', 5000, 1 );
insert into Comidas (Nombre, Precio, CategoriaId) values ('Slachipapa Ranchera', 11000, 1 );

<-- Compañero, debe ejecutar ese update -->

UPDATE COMIDAS SET NOMBRE = 'Salchipapa Ranchera' WHERE ID = 10;
SELECT * FROM COMIDAS;

insert into Comidas (Nombre, Precio, CategoriaId) values ('Jugo de Mora', 2000, 2 );
insert into Comidas (Nombre, Precio, CategoriaId) values ('Jugo de Mango', 2000, 2 );
insert into Comidas (Nombre, Precio, CategoriaId) values ('Jugo de Naranja', 2000, 2 );
insert into Comidas (Nombre, Precio, CategoriaId) values ('Jugo de Guayaba', 2000, 2 );
insert into Comidas (Nombre, Precio, CategoriaId) values ('Jugo de Borojó', 2000, 2 );

insert into Comidas (Nombre, Precio, CategoriaId) values ('Cocacola 300 ml', 2000, 3 );
insert into Comidas (Nombre, Precio, CategoriaId) values ('Pepsi 300 ml', 2000, 3 );
insert into Comidas (Nombre, Precio, CategoriaId) values ('7Up 300 ml', 2000, 3 );
insert into Comidas (Nombre, Precio, CategoriaId) values ('Sprite 300 ml', 2000, 3 );
insert into Comidas (Nombre, Precio, CategoriaId) values ('Jugo Hit 300 ml', 2500, 3 );
insert into Comidas (Nombre, Precio, CategoriaId) values ('Jugo del Valle 300 ml', 2500, 3 );
insert into Comidas (Nombre, Precio, CategoriaId) values ('Quatro 300 ml', 2500, 3 );
insert into Comidas (Nombre, Precio, CategoriaId) values ('Pony Malta 300 ml', 3000, 3 );
insert into Comidas (Nombre, Precio, CategoriaId) values ('Pola y Cola 300 ml', 3000, 3 );
insert into Comidas (Nombre, Precio, CategoriaId) values ('Colombiana 300 ml', 2000, 3 );




<-- Inserción de permisos (Debe ejecutarlo compañero)-->
INSERT INTO LUIS.PERMISOS
(ID, NOMBRE, CODIGO)
VALUES(1, 'Crear Empleado', 'CREAR_EMPLEADO');
INSERT INTO LUIS.PERMISOS
(ID, NOMBRE, CODIGO)
VALUES(2, 'Editar Empleado', 'EDITAR_EMPLEADO');
INSERT INTO LUIS.PERMISOS
(ID, NOMBRE, CODIGO)
VALUES(3, 'Eliminar Empleado', 'ELIMINAR_EMPLEADO');
INSERT INTO LUIS.PERMISOS
(ID, NOMBRE, CODIGO)
VALUES(4, 'Ver Empleado', 'VER_EMPLEADO');
INSERT INTO LUIS.PERMISOS
(ID, NOMBRE, CODIGO)
VALUES(5, 'Agregar Insumo', 'AGREGAR_INSUMO');
INSERT INTO LUIS.PERMISOS
(ID, NOMBRE, CODIGO)
VALUES(6, 'Ver Inventario Insumo', 'VER_INVENTARIO_I');
INSERT INTO LUIS.PERMISOS
(ID, NOMBRE, CODIGO)
VALUES(7, 'Ver Inventario Comida', 'VER_INVENTARIO_C');
INSERT INTO LUIS.PERMISOS
(ID, NOMBRE, CODIGO)
VALUES(8, 'Entregar Insumo', 'ENTREGAR_INSUMO');
INSERT INTO LUIS.PERMISOS
(ID, NOMBRE, CODIGO)
VALUES(9, 'Realizar Venta', 'REALIZAR_VENTA');


<-- Inserción de permosos por roles(Debe ejecutarlo compañero) -->
INSERT INTO LUIS.PERMISOSROLES
(ROLID, PERMISOID)
VALUES(1, 1);
INSERT INTO LUIS.PERMISOSROLES
(ROLID, PERMISOID)
VALUES(1, 2);
INSERT INTO LUIS.PERMISOSROLES
(ROLID, PERMISOID)
VALUES(1, 3);
INSERT INTO LUIS.PERMISOSROLES
(ROLID, PERMISOID)
VALUES(1, 4);
INSERT INTO LUIS.PERMISOSROLES
(ROLID, PERMISOID)
VALUES(1, 5);
INSERT INTO LUIS.PERMISOSROLES
(ROLID, PERMISOID)
VALUES(1, 6);
INSERT INTO LUIS.PERMISOSROLES
(ROLID, PERMISOID)
VALUES(1, 7);
INSERT INTO LUIS.PERMISOSROLES
(ROLID, PERMISOID)
VALUES(1, 8);
INSERT INTO LUIS.PERMISOSROLES
(ROLID, PERMISOID)
VALUES(1, 9);
INSERT INTO LUIS.PERMISOSROLES
(ROLID, PERMISOID)
VALUES(2, 1);
INSERT INTO LUIS.PERMISOSROLES
(ROLID, PERMISOID)
VALUES(2, 2);
INSERT INTO LUIS.PERMISOSROLES
(ROLID, PERMISOID)
VALUES(2, 4);
INSERT INTO LUIS.PERMISOSROLES
(ROLID, PERMISOID)
VALUES(2, 5);
INSERT INTO LUIS.PERMISOSROLES
(ROLID, PERMISOID)
VALUES(2, 6);
INSERT INTO LUIS.PERMISOSROLES
(ROLID, PERMISOID)
VALUES(2, 7);
INSERT INTO LUIS.PERMISOSROLES
(ROLID, PERMISOID)
VALUES(2, 8);
INSERT INTO LUIS.PERMISOSROLES
(ROLID, PERMISOID)
VALUES(2, 9);
INSERT INTO LUIS.PERMISOSROLES
(ROLID, PERMISOID)
VALUES(3, 6);
INSERT INTO LUIS.PERMISOSROLES
(ROLID, PERMISOID)
VALUES(3, 8);
INSERT INTO LUIS.PERMISOSROLES
(ROLID, PERMISOID)
VALUES(4, 7);
INSERT INTO LUIS.PERMISOSROLES
(ROLID, PERMISOID)
VALUES(4, 9);

<-- Inserción de categorías de insumos(Debe ejecutarlo compañero) -->
INSERT INTO LUIS.CATEGORIASINSUMOS
(ID, NOMBRE)
VALUES(1, 'Panes');
INSERT INTO LUIS.CATEGORIASINSUMOS
(ID, NOMBRE)
VALUES(2, 'Carnes Frías');
INSERT INTO LUIS.CATEGORIASINSUMOS
(ID, NOMBRE)
VALUES(3, 'Lácteos');
INSERT INTO LUIS.CATEGORIASINSUMOS
(ID, NOMBRE)
VALUES(4, 'Vegetales');
INSERT INTO LUIS.CATEGORIASINSUMOS
(ID, NOMBRE)
VALUES(5, 'Salsas');
INSERT INTO LUIS.CATEGORIASINSUMOS
(ID, NOMBRE)
VALUES(6, 'Carnes');
INSERT INTO LUIS.CATEGORIASINSUMOS
(ID, NOMBRE)
VALUES(7, 'Extras');
INSERT INTO LUIS.CATEGORIASINSUMOS
(ID, NOMBRE)
VALUES(8, 'Harinas');
INSERT INTO LUIS.CATEGORIASINSUMOS
(ID, NOMBRE)
VALUES(9, 'Frutas');


<-- Inserción de insumos(Debe ejecutarlo compañero) -->
INSERT INTO LUIS.INSUMOS
(ID, NOMBRE, CATEGORIAID, MARCA, PROVEEDOR, PRECIO, UNIDADID)
VALUES(1, 'Pan Perro', 1, 'Luiskpan', 'Distribuidora Pedroza', 600, 1);
INSERT INTO LUIS.INSUMOS
(ID, NOMBRE, CATEGORIAID, MARCA, PROVEEDOR, PRECIO, UNIDADID)
VALUES(2, 'Salchicha Perro', 2, 'Zenú', 'Distribuidora Pineda', 500, 1);
INSERT INTO LUIS.INSUMOS
(ID, NOMBRE, CATEGORIAID, MARCA, PROVEEDOR, PRECIO, UNIDADID)
VALUES(3, 'Papa Chips', 7, 'Jhon Chips', 'Distribuidora Pedroza', 3000, 2);
INSERT INTO LUIS.INSUMOS
(ID, NOMBRE, CATEGORIAID, MARCA, PROVEEDOR, PRECIO, UNIDADID)
VALUES(4, 'Queso Costeño', 3, 'Lácteos''s Jhon', 'Distribuidora Pedroza', 6000, 2);
INSERT INTO LUIS.INSUMOS
(ID, NOMBRE, CATEGORIAID, MARCA, PROVEEDOR, PRECIO, UNIDADID)
VALUES(5, 'Salsa de Tomate', 5, 'Castro Salsas', 'Distribuidora Castro', 200, 1);
INSERT INTO LUIS.INSUMOS
(ID, NOMBRE, CATEGORIAID, MARCA, PROVEEDOR, PRECIO, UNIDADID)
VALUES(6, 'Salsa Rosada', 5, 'Castro Salsas', 'Distribuidora Castro', 200, 1);
INSERT INTO LUIS.INSUMOS
(ID, NOMBRE, CATEGORIAID, MARCA, PROVEEDOR, PRECIO, UNIDADID)
VALUES(7, 'Salsa Tartara', 5, 'Castro Salsas', 'Distribuidora Castro', 200, 1);
INSERT INTO LUIS.INSUMOS
(ID, NOMBRE, CATEGORIAID, MARCA, PROVEEDOR, PRECIO, UNIDADID)
VALUES(8, 'Pan Hamburguesa', 1, 'Luiskpan', 'Distribuidora Perdroza', 700, 1);
INSERT INTO LUIS.INSUMOS
(ID, NOMBRE, CATEGORIAID, MARCA, PROVEEDOR, PRECIO, UNIDADID)
VALUES(9, 'Carne Hamburguesa', 2, 'Zenú', 'Distribuodora Pineda', 1500, 1);
INSERT INTO LUIS.INSUMOS
(ID, NOMBRE, CATEGORIAID, MARCA, PROVEEDOR, PRECIO, UNIDADID)
VALUES(10, 'Tomate', 4, 'Sin Marca', 'Distribuidora Don Chucho', 800, 2);
INSERT INTO LUIS.INSUMOS
(ID, NOMBRE, CATEGORIAID, MARCA, PROVEEDOR, PRECIO, UNIDADID)
VALUES(11, 'Cebolla', 4, 'Sin Marca', 'Distribuidora Don Chucho', 800, 2);
INSERT INTO LUIS.INSUMOS
(ID, NOMBRE, CATEGORIAID, MARCA, PROVEEDOR, PRECIO, UNIDADID)
VALUES(12, 'Lechuga', 4, 'Sin Marca', 'Distribuidora Don Chucho', 1000, 2);
INSERT INTO LUIS.INSUMOS
(ID, NOMBRE, CATEGORIAID, MARCA, PROVEEDOR, PRECIO, UNIDADID)
VALUES(13, 'Papas a la Francesa', 4, 'Sin Marca', 'Distribuidora Don Chucho', 2500, 2);
INSERT INTO LUIS.INSUMOS
(ID, NOMBRE, CATEGORIAID, MARCA, PROVEEDOR, PRECIO, UNIDADID)
VALUES(14, 'Ajo', 4, 'Sin Marca', 'Distribuidora Don Chucho', 100, 1);
INSERT INTO LUIS.INSUMOS
(ID, NOMBRE, CATEGORIAID, MARCA, PROVEEDOR, PRECIO, UNIDADID)
VALUES(15, 'Pimentón', 4, 'Sin Marca', 'Distribuidora Don Chucho', 600, 1);
INSERT INTO LUIS.INSUMOS
(ID, NOMBRE, CATEGORIAID, MARCA, PROVEEDOR, PRECIO, UNIDADID)
VALUES(16, 'Zanahoria', 4, 'Sin Marca', 'Distribuidora Don Chucho', 600, 1);
INSERT INTO LUIS.INSUMOS
(ID, NOMBRE, CATEGORIAID, MARCA, PROVEEDOR, PRECIO, UNIDADID)
VALUES(17, 'Tocineta', 2, 'Zenú', 'Distribuidora Pineda', 5000, 2);
INSERT INTO LUIS.INSUMOS
(ID, NOMBRE, CATEGORIAID, MARCA, PROVEEDOR, PRECIO, UNIDADID)
VALUES(18, 'Carne de Res', 6, 'Sin Marca', 'Distrinuidora Pineda', 8000, 2);
INSERT INTO LUIS.INSUMOS
(ID, NOMBRE, CATEGORIAID, MARCA, PROVEEDOR, PRECIO, UNIDADID)
VALUES(19, 'Laminas de Lasagna', 3, 'Lácteos''s Jhon', 'Distribuidora Pedroza', 6000, 1);
INSERT INTO LUIS.INSUMOS
(ID, NOMBRE, CATEGORIAID, MARCA, PROVEEDOR, PRECIO, UNIDADID)
VALUES(20, 'Queso Parmesano', 3, 'Lácteos''s Jhon', 'Distribuidora Pedroza', 7000, 2);
INSERT INTO LUIS.INSUMOS
(ID, NOMBRE, CATEGORIAID, MARCA, PROVEEDOR, PRECIO, UNIDADID)
VALUES(21, 'Aceite de Oliva Extra Virgen', 7, 'Oliva', 'Distribuidora Don Chucho', 4000, 3);
INSERT INTO LUIS.INSUMOS
(ID, NOMBRE, CATEGORIAID, MARCA, PROVEEDOR, PRECIO, UNIDADID)
VALUES(22, 'Vino Blanco', 7, 'Oliva', 'Distribuidora Don Chucho', 5000, 3);
INSERT INTO LUIS.INSUMOS
(ID, NOMBRE, CATEGORIAID, MARCA, PROVEEDOR, PRECIO, UNIDADID)
VALUES(23, 'Mostaza', 5, 'Castro salsas', 'Distribuidora Castro', 200, 1);
INSERT INTO LUIS.INSUMOS
(ID, NOMBRE, CATEGORIAID, MARCA, PROVEEDOR, PRECIO, UNIDADID)
VALUES(24, 'Salsa Negra', 5, 'Castro salsas', 'Distribuidora Castro', 200, 1);
INSERT INTO LUIS.INSUMOS
(ID, NOMBRE, CATEGORIAID, MARCA, PROVEEDOR, PRECIO, UNIDADID)
VALUES(25, 'Pechuga', 6, 'Sin Marca', 'Distrinuidora Pineda', 7000, 2);
INSERT INTO LUIS.INSUMOS
(ID, NOMBRE, CATEGORIAID, MARCA, PROVEEDOR, PRECIO, UNIDADID)
VALUES(26, 'Huevo', 7, 'Sin Marca', 'Distribuidora Don Chucho', 400, 1);
INSERT INTO LUIS.INSUMOS
(ID, NOMBRE, CATEGORIAID, MARCA, PROVEEDOR, PRECIO, UNIDADID)
VALUES(27, 'Harina', 8, 'Harina Pan', 'Distribuidora Don Chucho', 1200, 2);
INSERT INTO LUIS.INSUMOS
(ID, NOMBRE, CATEGORIAID, MARCA, PROVEEDOR, PRECIO, UNIDADID)
VALUES(28, 'Chorizo', 2, 'Zenú', 'Distribuodora Pineda', 800, 1);
INSERT INTO LUIS.INSUMOS
(ID, NOMBRE, CATEGORIAID, MARCA, PROVEEDOR, PRECIO, UNIDADID)
VALUES(29, 'Harina Blanca', 8, 'Harina Pan', 'Distribuidora Don Chucho', 1500, 2);
INSERT INTO LUIS.INSUMOS
(ID, NOMBRE, CATEGORIAID, MARCA, PROVEEDOR, PRECIO, UNIDADID)
VALUES(30, 'Levadura Seca', 7, 'Sin Marca', 'Distribuidora Don Chucho', 2000, 2);
INSERT INTO LUIS.INSUMOS
(ID, NOMBRE, CATEGORIAID, MARCA, PROVEEDOR, PRECIO, UNIDADID)
VALUES(31, 'Pasta de Tomate', 7, 'Fruco', 'Distribuidora Don Chucho', 5000, 2);
INSERT INTO LUIS.INSUMOS
(ID, NOMBRE, CATEGORIAID, MARCA, PROVEEDOR, PRECIO, UNIDADID)
VALUES(32, 'Pepperoni', 7, 'Sin Marca', 'Distribuidora Don Chucho', 6000, 2);
INSERT INTO LUIS.INSUMOS
(ID, NOMBRE, CATEGORIAID, MARCA, PROVEEDOR, PRECIO, UNIDADID)
VALUES(33, 'Salchicha Ranchera', 2, 'Zenú', 'Distribuidora Pineda', 800, 1);
INSERT INTO LUIS.INSUMOS
(ID, NOMBRE, CATEGORIAID, MARCA, PROVEEDOR, PRECIO, UNIDADID)
VALUES(34, 'Mora', 9, 'Sin Marca', 'Distribuidora Don Chucho', 1500, 1);
INSERT INTO LUIS.INSUMOS
(ID, NOMBRE, CATEGORIAID, MARCA, PROVEEDOR, PRECIO, UNIDADID)
VALUES(35, 'Mango', 9, 'Sin Marca', 'Distribuidora Don Chucho', 1500, 1);
INSERT INTO LUIS.INSUMOS
(ID, NOMBRE, CATEGORIAID, MARCA, PROVEEDOR, PRECIO, UNIDADID)
VALUES(36, 'Naranja', 9, 'Sin Marca', 'Distribuidora Don Chucho', 1500, 1);
INSERT INTO LUIS.INSUMOS
(ID, NOMBRE, CATEGORIAID, MARCA, PROVEEDOR, PRECIO, UNIDADID)
VALUES(37, 'Guayaba', 9, 'Sin Marca', 'Distribuidora Don Chucho', 1500, 1);
INSERT INTO LUIS.INSUMOS
(ID, NOMBRE, CATEGORIAID, MARCA, PROVEEDOR, PRECIO, UNIDADID)
VALUES(38, 'Borojó', 9, 'Sin Marca', 'Distribuidora Don Chucho', 1500, 1);
INSERT INTO LUIS.INSUMOS
(ID, NOMBRE, CATEGORIAID, MARCA, PROVEEDOR, PRECIO, UNIDADID)
VALUES(39, 'Leche', 3, 'Alquería', 'Distribuidora Pedroza', 1600, 3);


<-- Inserción de Inventario para la sede 2 -->
INSERT INTO LUIS.INVENTARIOS
(INSUMOID, SEDEID, FECHACREACION, MOVIMIENTOCANTIDAD)
VALUES(1, 2, TIMESTAMP '2020-03-14 21:03:04.000000', 100);
INSERT INTO LUIS.INVENTARIOS
(INSUMOID, SEDEID, FECHACREACION, MOVIMIENTOCANTIDAD)
VALUES(2, 2, TIMESTAMP '2020-03-14 21:03:04.000000', 100);
INSERT INTO LUIS.INVENTARIOS
(INSUMOID, SEDEID, FECHACREACION, MOVIMIENTOCANTIDAD)
VALUES(3, 2, TIMESTAMP '2020-03-14 21:03:04.000000', 5000);
INSERT INTO LUIS.INVENTARIOS
(INSUMOID, SEDEID, FECHACREACION, MOVIMIENTOCANTIDAD)
VALUES(4, 2, TIMESTAMP '2020-03-14 21:03:04.000000', 5000);
INSERT INTO LUIS.INVENTARIOS
(INSUMOID, SEDEID, FECHACREACION, MOVIMIENTOCANTIDAD)
VALUES(5, 2, TIMESTAMP '2020-03-14 21:03:04.000000', 100);
INSERT INTO LUIS.INVENTARIOS
(INSUMOID, SEDEID, FECHACREACION, MOVIMIENTOCANTIDAD)
VALUES(6, 2, TIMESTAMP '2020-03-14 21:03:04.000000', 100);
INSERT INTO LUIS.INVENTARIOS
(INSUMOID, SEDEID, FECHACREACION, MOVIMIENTOCANTIDAD)
VALUES(7, 2, TIMESTAMP '2020-03-14 21:03:04.000000', 100);
INSERT INTO LUIS.INVENTARIOS
(INSUMOID, SEDEID, FECHACREACION, MOVIMIENTOCANTIDAD)
VALUES(8, 2, TIMESTAMP '2020-03-14 21:03:04.000000', 100);
INSERT INTO LUIS.INVENTARIOS
(INSUMOID, SEDEID, FECHACREACION, MOVIMIENTOCANTIDAD)
VALUES(9, 2, TIMESTAMP '2020-03-14 21:03:04.000000', 100);
INSERT INTO LUIS.INVENTARIOS
(INSUMOID, SEDEID, FECHACREACION, MOVIMIENTOCANTIDAD)
VALUES(10, 2, TIMESTAMP '2020-03-14 21:03:04.000000', 5000);
INSERT INTO LUIS.INVENTARIOS
(INSUMOID, SEDEID, FECHACREACION, MOVIMIENTOCANTIDAD)
VALUES(11, 2, TIMESTAMP '2020-03-14 21:03:04.000000', 5000);
INSERT INTO LUIS.INVENTARIOS
(INSUMOID, SEDEID, FECHACREACION, MOVIMIENTOCANTIDAD)
VALUES(12, 2, TIMESTAMP '2020-03-14 21:03:04.000000', 5000);
INSERT INTO LUIS.INVENTARIOS
(INSUMOID, SEDEID, FECHACREACION, MOVIMIENTOCANTIDAD)
VALUES(13, 2, TIMESTAMP '2020-03-14 21:03:04.000000', 10000);
INSERT INTO LUIS.INVENTARIOS
(INSUMOID, SEDEID, FECHACREACION, MOVIMIENTOCANTIDAD)
VALUES(14, 2, TIMESTAMP '2020-03-14 21:03:04.000000', 50);
INSERT INTO LUIS.INVENTARIOS
(INSUMOID, SEDEID, FECHACREACION, MOVIMIENTOCANTIDAD)
VALUES(15, 2, TIMESTAMP '2020-03-14 21:03:04.000000', 20);
INSERT INTO LUIS.INVENTARIOS
(INSUMOID, SEDEID, FECHACREACION, MOVIMIENTOCANTIDAD)
VALUES(16, 2, TIMESTAMP '2020-03-14 21:03:04.000000', 20);
INSERT INTO LUIS.INVENTARIOS
(INSUMOID, SEDEID, FECHACREACION, MOVIMIENTOCANTIDAD)
VALUES(17, 2, TIMESTAMP '2020-03-14 21:03:04.000000', 100);
INSERT INTO LUIS.INVENTARIOS
(INSUMOID, SEDEID, FECHACREACION, MOVIMIENTOCANTIDAD)
VALUES(18, 2, TIMESTAMP '2020-03-14 21:03:04.000000', 15000);
INSERT INTO LUIS.INVENTARIOS
(INSUMOID, SEDEID, FECHACREACION, MOVIMIENTOCANTIDAD)
VALUES(19, 2, TIMESTAMP '2020-03-14 21:03:04.000000', 120);
INSERT INTO LUIS.INVENTARIOS
(INSUMOID, SEDEID, FECHACREACION, MOVIMIENTOCANTIDAD)
VALUES(20, 2, TIMESTAMP '2020-03-14 21:03:04.000000', 5000);
INSERT INTO LUIS.INVENTARIOS
(INSUMOID, SEDEID, FECHACREACION, MOVIMIENTOCANTIDAD)
VALUES(21, 2, TIMESTAMP '2020-03-14 21:03:04.000000', 1000);
INSERT INTO LUIS.INVENTARIOS
(INSUMOID, SEDEID, FECHACREACION, MOVIMIENTOCANTIDAD)
VALUES(22, 2, TIMESTAMP '2020-03-14 21:03:04.000000', 500);
INSERT INTO LUIS.INVENTARIOS
(INSUMOID, SEDEID, FECHACREACION, MOVIMIENTOCANTIDAD)
VALUES(23, 2, TIMESTAMP '2020-03-14 21:03:04.000000', 100);
INSERT INTO LUIS.INVENTARIOS
(INSUMOID, SEDEID, FECHACREACION, MOVIMIENTOCANTIDAD)
VALUES(24, 2, TIMESTAMP '2020-03-14 21:03:04.000000', 100);
INSERT INTO LUIS.INVENTARIOS
(INSUMOID, SEDEID, FECHACREACION, MOVIMIENTOCANTIDAD)
VALUES(25, 2, TIMESTAMP '2020-03-14 21:03:04.000000', 15000);
INSERT INTO LUIS.INVENTARIOS
(INSUMOID, SEDEID, FECHACREACION, MOVIMIENTOCANTIDAD)
VALUES(26, 2, TIMESTAMP '2020-03-14 21:03:04.000000', 90);
INSERT INTO LUIS.INVENTARIOS
(INSUMOID, SEDEID, FECHACREACION, MOVIMIENTOCANTIDAD)
VALUES(27, 2, TIMESTAMP '2020-03-14 21:03:04.000000', 15000);
INSERT INTO LUIS.INVENTARIOS
(INSUMOID, SEDEID, FECHACREACION, MOVIMIENTOCANTIDAD)
VALUES(28, 2, TIMESTAMP '2020-03-14 21:03:04.000000', 100);
INSERT INTO LUIS.INVENTARIOS
(INSUMOID, SEDEID, FECHACREACION, MOVIMIENTOCANTIDAD)
VALUES(29, 2, TIMESTAMP '2020-03-14 21:03:04.000000', 10000);
INSERT INTO LUIS.INVENTARIOS
(INSUMOID, SEDEID, FECHACREACION, MOVIMIENTOCANTIDAD)
VALUES(30, 2, TIMESTAMP '2020-03-14 21:03:04.000000', 1000);
INSERT INTO LUIS.INVENTARIOS
(INSUMOID, SEDEID, FECHACREACION, MOVIMIENTOCANTIDAD)
VALUES(31, 2, TIMESTAMP '2020-03-14 21:03:04.000000', 1000);
INSERT INTO LUIS.INVENTARIOS
(INSUMOID, SEDEID, FECHACREACION, MOVIMIENTOCANTIDAD)
VALUES(32, 2, TIMESTAMP '2020-03-14 21:03:04.000000', 10000);
INSERT INTO LUIS.INVENTARIOS
(INSUMOID, SEDEID, FECHACREACION, MOVIMIENTOCANTIDAD)
VALUES(33, 2, TIMESTAMP '2020-03-14 21:03:04.000000', 200);
INSERT INTO LUIS.INVENTARIOS
(INSUMOID, SEDEID, FECHACREACION, MOVIMIENTOCANTIDAD)
VALUES(34, 2, TIMESTAMP '2020-03-14 21:03:04.000000', 10000);
INSERT INTO LUIS.INVENTARIOS
(INSUMOID, SEDEID, FECHACREACION, MOVIMIENTOCANTIDAD)
VALUES(35, 2, TIMESTAMP '2020-03-14 21:03:04.000000', 10000);
INSERT INTO LUIS.INVENTARIOS
(INSUMOID, SEDEID, FECHACREACION, MOVIMIENTOCANTIDAD)
VALUES(36, 2, TIMESTAMP '2020-03-14 21:03:04.000000', 10000);
INSERT INTO LUIS.INVENTARIOS
(INSUMOID, SEDEID, FECHACREACION, MOVIMIENTOCANTIDAD)
VALUES(37, 2, TIMESTAMP '2020-03-14 21:03:04.000000', 10000);
INSERT INTO LUIS.INVENTARIOS
(INSUMOID, SEDEID, FECHACREACION, MOVIMIENTOCANTIDAD)
VALUES(38, 2, TIMESTAMP '2020-03-14 21:03:04.000000', 10000);
INSERT INTO LUIS.INVENTARIOS
(INSUMOID, SEDEID, FECHACREACION, MOVIMIENTOCANTIDAD)
VALUES(39, 2, TIMESTAMP '2020-03-14 21:03:04.000000', 10000);

<-- Inserción de Inventario para la sede 3 -->
INSERT INTO INVENTARIOS (INSUMOID, SEDEID, FECHACREACION, MOVIMIENTOCANTIDAD)
VALUES(1, 3, TIMESTAMP '2020-03-14 21:03:04.000000', 100);
INSERT INTO LUIS.INVENTARIOS
(INSUMOID, SEDEID, FECHACREACION, MOVIMIENTOCANTIDAD)
VALUES(2, 3, TIMESTAMP '2020-03-14 21:03:04.000000', 100);
INSERT INTO LUIS.INVENTARIOS
(INSUMOID, SEDEID, FECHACREACION, MOVIMIENTOCANTIDAD)
VALUES(3, 3, TIMESTAMP '2020-03-14 21:03:04.000000', 5000);
INSERT INTO LUIS.INVENTARIOS
(INSUMOID, SEDEID, FECHACREACION, MOVIMIENTOCANTIDAD)
VALUES(4, 3, TIMESTAMP '2020-03-14 21:03:04.000000', 5000);
INSERT INTO LUIS.INVENTARIOS
(INSUMOID, SEDEID, FECHACREACION, MOVIMIENTOCANTIDAD)
VALUES(5, 3, TIMESTAMP '2020-03-14 21:03:04.000000', 100);
INSERT INTO LUIS.INVENTARIOS
(INSUMOID, SEDEID, FECHACREACION, MOVIMIENTOCANTIDAD)
VALUES(6, 3, TIMESTAMP '2020-03-14 21:03:04.000000', 100);
INSERT INTO LUIS.INVENTARIOS
(INSUMOID, SEDEID, FECHACREACION, MOVIMIENTOCANTIDAD)
VALUES(7, 3, TIMESTAMP '2020-03-14 21:03:04.000000', 100);
INSERT INTO LUIS.INVENTARIOS
(INSUMOID, SEDEID, FECHACREACION, MOVIMIENTOCANTIDAD)
VALUES(8, 3, TIMESTAMP '2020-03-14 21:03:04.000000', 100);
INSERT INTO LUIS.INVENTARIOS
(INSUMOID, SEDEID, FECHACREACION, MOVIMIENTOCANTIDAD)
VALUES(9, 3, TIMESTAMP '2020-03-14 21:03:04.000000', 100);
INSERT INTO LUIS.INVENTARIOS
(INSUMOID, SEDEID, FECHACREACION, MOVIMIENTOCANTIDAD)
VALUES(10, 3, TIMESTAMP '2020-03-14 21:03:04.000000', 5000);
INSERT INTO LUIS.INVENTARIOS
(INSUMOID, SEDEID, FECHACREACION, MOVIMIENTOCANTIDAD)
VALUES(11, 3, TIMESTAMP '2020-03-14 21:03:04.000000', 5000);
INSERT INTO LUIS.INVENTARIOS
(INSUMOID, SEDEID, FECHACREACION, MOVIMIENTOCANTIDAD)
VALUES(12, 3, TIMESTAMP '2020-03-14 21:03:04.000000', 5000);
INSERT INTO LUIS.INVENTARIOS
(INSUMOID, SEDEID, FECHACREACION, MOVIMIENTOCANTIDAD)
VALUES(13, 3, TIMESTAMP '2020-03-14 21:03:04.000000', 10000);
INSERT INTO LUIS.INVENTARIOS
(INSUMOID, SEDEID, FECHACREACION, MOVIMIENTOCANTIDAD)
VALUES(14, 3, TIMESTAMP '2020-03-14 21:03:04.000000', 50);
INSERT INTO LUIS.INVENTARIOS
(INSUMOID, SEDEID, FECHACREACION, MOVIMIENTOCANTIDAD)
VALUES(15, 3, TIMESTAMP '2020-03-14 21:03:04.000000', 20);
INSERT INTO LUIS.INVENTARIOS
(INSUMOID, SEDEID, FECHACREACION, MOVIMIENTOCANTIDAD)
VALUES(16, 3, TIMESTAMP '2020-03-14 21:03:04.000000', 20);
INSERT INTO LUIS.INVENTARIOS
(INSUMOID, SEDEID, FECHACREACION, MOVIMIENTOCANTIDAD)
VALUES(17, 3, TIMESTAMP '2020-03-14 21:03:04.000000', 100);
INSERT INTO LUIS.INVENTARIOS
(INSUMOID, SEDEID, FECHACREACION, MOVIMIENTOCANTIDAD)
VALUES(18, 3, TIMESTAMP '2020-03-14 21:03:04.000000', 15000);
INSERT INTO LUIS.INVENTARIOS
(INSUMOID, SEDEID, FECHACREACION, MOVIMIENTOCANTIDAD)
VALUES(19, 3, TIMESTAMP '2020-03-14 21:03:04.000000', 120);
INSERT INTO LUIS.INVENTARIOS
(INSUMOID, SEDEID, FECHACREACION, MOVIMIENTOCANTIDAD)
VALUES(20, 3, TIMESTAMP '2020-03-14 21:03:04.000000', 5000);
INSERT INTO LUIS.INVENTARIOS
(INSUMOID, SEDEID, FECHACREACION, MOVIMIENTOCANTIDAD)
VALUES(21, 3, TIMESTAMP '2020-03-14 21:03:04.000000', 1000);
INSERT INTO LUIS.INVENTARIOS
(INSUMOID, SEDEID, FECHACREACION, MOVIMIENTOCANTIDAD)
VALUES(22, 3, TIMESTAMP '2020-03-14 21:03:04.000000', 500);
INSERT INTO LUIS.INVENTARIOS
(INSUMOID, SEDEID, FECHACREACION, MOVIMIENTOCANTIDAD)
VALUES(23, 3, TIMESTAMP '2020-03-14 21:03:04.000000', 100);
INSERT INTO LUIS.INVENTARIOS
(INSUMOID, SEDEID, FECHACREACION, MOVIMIENTOCANTIDAD)
VALUES(24, 3, TIMESTAMP '2020-03-14 21:03:04.000000', 100);
INSERT INTO LUIS.INVENTARIOS
(INSUMOID, SEDEID, FECHACREACION, MOVIMIENTOCANTIDAD)
VALUES(25, 3, TIMESTAMP '2020-03-14 21:03:04.000000', 15000);
INSERT INTO LUIS.INVENTARIOS
(INSUMOID, SEDEID, FECHACREACION, MOVIMIENTOCANTIDAD)
VALUES(26, 3, TIMESTAMP '2020-03-14 21:03:04.000000', 90);
INSERT INTO LUIS.INVENTARIOS
(INSUMOID, SEDEID, FECHACREACION, MOVIMIENTOCANTIDAD)
VALUES(27, 3, TIMESTAMP '2020-03-14 21:03:04.000000', 15000);
INSERT INTO LUIS.INVENTARIOS
(INSUMOID, SEDEID, FECHACREACION, MOVIMIENTOCANTIDAD)
VALUES(28, 3, TIMESTAMP '2020-03-14 21:03:04.000000', 100);
INSERT INTO LUIS.INVENTARIOS
(INSUMOID, SEDEID, FECHACREACION, MOVIMIENTOCANTIDAD)
VALUES(29, 3, TIMESTAMP '2020-03-14 21:03:04.000000', 10000);
INSERT INTO LUIS.INVENTARIOS
(INSUMOID, SEDEID, FECHACREACION, MOVIMIENTOCANTIDAD)
VALUES(30, 3, TIMESTAMP '2020-03-14 21:03:04.000000', 1000);
INSERT INTO LUIS.INVENTARIOS
(INSUMOID, SEDEID, FECHACREACION, MOVIMIENTOCANTIDAD)
VALUES(31, 3, TIMESTAMP '2020-03-14 21:03:04.000000', 1000);
INSERT INTO LUIS.INVENTARIOS
(INSUMOID, SEDEID, FECHACREACION, MOVIMIENTOCANTIDAD)
VALUES(32, 3, TIMESTAMP '2020-03-14 21:03:04.000000', 10000);
INSERT INTO LUIS.INVENTARIOS
(INSUMOID, SEDEID, FECHACREACION, MOVIMIENTOCANTIDAD)
VALUES(33, 3, TIMESTAMP '2020-03-14 21:03:04.000000', 200);
INSERT INTO LUIS.INVENTARIOS
(INSUMOID, SEDEID, FECHACREACION, MOVIMIENTOCANTIDAD)
VALUES(34, 3, TIMESTAMP '2020-03-14 21:03:04.000000', 10000);
INSERT INTO LUIS.INVENTARIOS
(INSUMOID, SEDEID, FECHACREACION, MOVIMIENTOCANTIDAD)
VALUES(35, 3, TIMESTAMP '2020-03-14 21:03:04.000000', 10000);
INSERT INTO LUIS.INVENTARIOS
(INSUMOID, SEDEID, FECHACREACION, MOVIMIENTOCANTIDAD)
VALUES(36, 3, TIMESTAMP '2020-03-14 21:03:04.000000', 10000);
INSERT INTO LUIS.INVENTARIOS
(INSUMOID, SEDEID, FECHACREACION, MOVIMIENTOCANTIDAD)
VALUES(37, 3, TIMESTAMP '2020-03-14 21:03:04.000000', 10000);
INSERT INTO LUIS.INVENTARIOS
(INSUMOID, SEDEID, FECHACREACION, MOVIMIENTOCANTIDAD)
VALUES(38, 3, TIMESTAMP '2020-03-14 21:03:04.000000', 10000);
INSERT INTO LUIS.INVENTARIOS
(INSUMOID, SEDEID, FECHACREACION, MOVIMIENTOCANTIDAD)
VALUES(39, 3, TIMESTAMP '2020-03-14 21:03:04.000000', 10000);

